id;track_name_keyword;H1;slug;intro;number_of_songs_listed;json
03b5947c-091e-47fd-a33b-a0be9efe2690;animals;20 Songs with Animals in the title;songs-about-animals;;20;
"{""Song 1"": 
{""keyword"": ""animals"", ""specific_keyword"": ""dog"", ""Artist"": ""Florence + The Machine"", 
""Track Name"": ""Dog Days Are Over"", ""Release Year"": ""2009"", ""Album"": ""Lungs (Deluxe Edition)"",
 ""yt_video_id"": ""iWOyfLBYtuU"", ""model_response"": """", ""popularity"": 78, ""duration_ms"": 251840, ""track_id"": 
 ""1YLJVmuzeM2YSUkCCaTNUB""}, 
 
 ""Song 2"": {""keyword"": ""animals"", ""specific_keyword"": ""dog"", ""Artist"": ""Led Zeppelin"", 
 ""Track Name"": ""Black Dog - Remaster"", ""Release Year"": ""1971"", ""Album"": ""Led Zeppelin IV 
 (Deluxe Edition)"", ""yt_video_id"": ""yBuub4Xe1mw"", ""model_response"": """", ""popularity"": 74, 
 ""duration_ms"": 295386, ""track_id"": ""3qT4bUD1MaWpGrTwcvguhb""}, 
 
 ""Song 3"": {""keyword"": ""animals"", ""specific_keyword"": ""dog"", ""Artist"": 
 ""boygenius, Julien Baker, Phoebe Bridgers, Lucy Dacus"", ""Track Name"": ""Me & My Dog"", ""Release Year"": ""2018"", ""Album"": ""boygenius"", ""yt_video_id"": ""lNJX4Kr7Mm4"", ""model_response"": """", ""popularity"": 67, ""duration_ms"": 206465, ""track_id"": ""74uoN2UfgdUAzwVeFaRUE2""}, ""Song 4"": {""keyword"": ""animals"", ""specific_keyword"": ""dog"", ""Artist"": ""Limp Bizkit"", ""Track Name"": ""Hot Dog"", ""Release Year"": ""2000"", ""Album"": ""Chocolate Starfish And The Hot Dog Flavored Water"", ""yt_video_id"": ""J0TWTnYZBdM"", ""model_response"": """", ""popularity"": 67, ""duration_ms"": 230240, ""track_id"": ""6Zj3YsYfj8YTY9aGMDnpn8""}, ""Song 5"": {""keyword"": ""animals"", ""specific_keyword"": ""cat"", ""Artist"": ""TOMORROW X TOGETHER"", ""Track Name"": ""Cat & Dog"", ""Release Year"": ""2019"", ""Album"": ""The Dream Chapter: STAR"", ""yt_video_id"": ""NaKrke1EL1A"", ""model_response"": """", ""popularity"": 67, ""duration_ms"": 187573, ""track_id"": ""3RsEvBUaNT9MXqUvQVuK1G""}, ""Song 6"": {""keyword"": ""animals"", ""specific_keyword"": ""dog"", ""Artist"": ""Elvis Presley"", ""Track Name"": ""Hound Dog"", ""Release Year"": ""1958"", ""Album"": ""Elvis' Golden Records"", ""yt_video_id"": ""-eHJ12Vhpyc"", ""model_response"": """", ""popularity"": 66, ""duration_ms"": 136026, ""track_id"": ""64Ny7djQ6rNJspquof2KoX""}, ""Song 7"": {""keyword"": ""animals"", ""specific_keyword"": ""cat"", ""Artist"": ""DPR IAN"", ""Track Name"": ""Scaredy Cat"", ""Release Year"": ""2021"", ""Album"": ""Moodswings in This Order"", ""yt_video_id"": ""J0rmycJSPAE"", ""model_response"": """", ""popularity"": 65, ""duration_ms"": 170800, ""track_id"": ""4LkXtklCusSbi6UxYWgH8B""}, ""Song 8"": {""keyword"": ""animals"", ""specific_keyword"": ""cat"", ""Artist"": ""Melanie Martinez, Tierra Whack"", ""Track Name"": ""Copy Cat (feat. Tierra Whack)"", ""Release Year"": ""2020"", ""Album"": ""Copy Cat (feat. Tierra Whack)"", ""yt_video_id"": ""vGBPtsl3L6o"", ""model_response"": """", ""popularity"": 64, ""duration_ms"": 232691, ""track_id"": ""4AhAT2GxKdNYWc5bmdoAES""}, ""Song 9"": {""keyword"": ""animals"", ""specific_keyword"": ""cat"", ""Artist"": ""Tensnake, Purple Disco Machine"", ""Track Name"": ""Coma Cat - Purple Disco Machine Re-Work"", ""Release Year"": ""2022"", ""Album"": ""Coma Cat (Purple Disco Machine Re-Work)"", ""yt_video_id"": ""EHCMgwKyL-s"", ""model_response"": """", ""popularity"": 63, ""duration_ms"": 208544, ""track_id"": ""1BMFet4vUoOgpLYIl3kVMQ""}, ""Song 10"": {""keyword"": ""animals"", ""specific_keyword"": ""cat"", ""Artist"": ""Kasimir"", ""Track Name"": ""My Cat"", ""Release Year"": ""2023"", ""Album"": ""My Cat"", ""yt_video_id"": ""xw1PYTvJ44M"", ""model_response"": """", ""popularity"": 63, ""duration_ms"": 100645, ""track_id"": ""2bUGdtSMPBCMN7UMaBZ6u2""}, ""Song 11"": {""keyword"": ""animals"", ""specific_keyword"": ""dog"", ""Artist"": ""Mac DeMarco"", ""Track Name"": ""This Old Dog"", ""Release Year"": ""2017"", ""Album"": ""This Old Dog"", ""yt_video_id"": ""KjtemEUoZ_M"", ""model_response"": """", ""popularity"": 63, ""duration_ms"": 150546, ""track_id"": ""2RwOqicYzwMSuzKzHx78jm""}, ""Song 12"": {""keyword"": ""animals"", ""specific_keyword"": ""dog"", ""Artist"": ""Magdalena Bay"", ""Track Name"": ""Top Dog"", ""Release Year"": ""2023"", ""Album"": ""mini mix vol. 3"", ""yt_video_id"": ""ekxNdBZizNQ"", ""model_response"": """", ""popularity"": 62, ""duration_ms"": 137187, ""track_id"": ""2hGchv7KYaINz9Z1qzufNm""}, ""Song 13"": {""keyword"": ""animals"", ""specific_keyword"": ""cat"", ""Artist"": ""C418"", ""Track Name"": ""Cat"", ""Release Year"": ""2011"", ""Album"": ""Minecraft - Volume Alpha"", ""yt_video_id"": ""zK5ZdzRnQE8"", ""model_response"": """", ""popularity"": 62, ""duration_ms"": 186250, ""track_id"": ""23uNiVgsIgoHC7eLet3kCI""}, ""Song 14"": {""keyword"": ""animals"", ""specific_keyword"": ""cat"", ""Artist"": ""Al Stewart"", ""Track Name"": ""Year of the Cat - 2001 Remaster"", ""Release Year"": ""1991"", ""Album"": ""Year of the Cat"", ""yt_video_id"": ""Ak_MTXQALa0"", ""model_response"": """", ""popularity"": 62, ""duration_ms"": 401400, ""track_id"": ""5jYYumalS1qELrcChOCZrK""}, ""Song 15"": {""keyword"": ""animals"", ""specific_keyword"": ""dog"", ""Artist"": ""ODUMODUBLVCK"", ""Track Name"": ""Dog Eat Dog"", ""Release Year"": ""2022"", ""Album"": ""Dog Eat Dog"", ""yt_video_id"": ""SHCvnA3a_eI"", ""model_response"": """", ""popularity"": 61, ""duration_ms"": 149052, ""track_id"": ""4XYpWMW1ec7GJW2Eq8UA9k""}, ""Song 16"": {""keyword"": ""animals"", ""specific_keyword"": ""dog"", ""Artist"": ""Nazareth"", ""Track Name"": ""Hair Of The Dog"", ""Release Year"": ""1975"", ""Album"": ""Hair Of The Dog"", ""yt_video_id"": ""Ef2SLZdhNrY"", ""model_response"": """", ""popularity"": 61, ""duration_ms"": 249240, ""track_id"": ""1wXE6zvNWRz8GuMfEUgETz""}, ""Song 17"": {""keyword"": ""animals"", ""specific_keyword"": ""cat"", ""Artist"": ""CORPSE"", ""Track Name"": ""Cat Girls Are Ruining My Life!"", ""Release Year"": ""2020"", ""Album"": ""Cat Girls Are Ruining My Life!"", ""yt_video_id"": ""Yl6t_8pldzU"", ""model_response"": """", ""popularity"": 61, ""duration_ms"": 97317, ""track_id"": ""4SPBwOTXgku4QvmRtMEGfW""}, ""Song 18"": {""keyword"": ""animals"", ""specific_keyword"": ""cat"", ""Artist"": ""Tyler, The Creator"", ""Track Name"": ""Tron Cat"", ""Release Year"": ""2011"", ""Album"": ""Goblin"", ""yt_video_id"": ""QxhUk9H_-ys"", ""model_response"": """", ""popularity"": 61, ""duration_ms"": 253746, ""track_id"": ""3o3K5bwHFP36MqOLa0WSw3""}, ""Song 19"": {""keyword"": ""animals"", ""specific_keyword"": ""dog"", ""Artist"": ""The Stooges"", ""Track Name"": ""I Wanna Be Your Dog"", ""Release Year"": ""1969"", ""Album"": ""The Stooges"", ""yt_video_id"": ""3gsWt7ey6bo"", ""model_response"": """", ""popularity"": 60, ""duration_ms"": 188560, ""track_id"": ""672N8DGGTOLCOgWe0koX5g""}, ""Song 20"": {""keyword"": ""animals"", ""specific_keyword"": ""dog"", ""Artist"": ""42 Dugg"", ""Track Name"": ""Dog Food"", ""Release Year"": ""2019"", ""Album"": ""Young and Turnt"", ""yt_video_id"": ""IkYvD1Fof_0"", ""model_response"": """", ""popularity"": 60, ""duration_ms"": 153958, ""track_id"": ""3AnCVSpT7j6l8T8GBDUl6n""}}"
